{"IcoMoonType":"selection","icons":[{"icon":{"paths":["M950.857 369.714c0 10.286-7.429 20-14.857 27.429l-207.429 202.286 49.143 285.714c0.571 4 0.571 7.429 0.571 11.429 0 14.857-6.857 28.571-23.429 28.571-8 0-16-2.857-22.857-6.857l-256.571-134.857-256.571 134.857c-7.429 4-14.857 6.857-22.857 6.857-16.571 0-24-13.714-24-28.571 0-4 0.571-7.429 1.143-11.429l49.143-285.714-208-202.286c-6.857-7.429-14.286-17.143-14.286-27.429 0-17.143 17.714-24 32-26.286l286.857-41.714 128.571-260c5.143-10.857 14.857-23.429 28-23.429s22.857 12.571 28 23.429l128.571 260 286.857 41.714c13.714 2.286 32 9.143 32 26.286z"],"width":950.8571428571428,"attrs":[],"isMulticolor":false,"isMulticolor2":false,"tags":["star"],"defaultCode":61445,"grid":14},"attrs":[],"properties":{"name":"star","id":29,"order":76,"prevSize":28,"code":61445},"setIdx":1,"setId":3,"iconIdx":0},{"icon":{"paths":["M804.571 420.571v109.714c0 30.286-24.571 54.857-54.857 54.857h-237.714v237.714c0 30.286-24.571 54.857-54.857 54.857h-109.714c-30.286 0-54.857-24.571-54.857-54.857v-237.714h-237.714c-30.286 0-54.857-24.571-54.857-54.857v-109.714c0-30.286 24.571-54.857 54.857-54.857h237.714v-237.714c0-30.286 24.571-54.857 54.857-54.857h109.714c30.286 0 54.857 24.571 54.857 54.857v237.714h237.714c30.286 0 54.857 24.571 54.857 54.857z"],"width":804.5714285714286,"attrs":[],"isMulticolor":false,"isMulticolor2":false,"tags":["plus"],"defaultCode":61543,"grid":14},"attrs":[],"properties":{"name":"expand","id":30,"order":77,"prevSize":28,"code":61543},"setIdx":1,"setId":3,"iconIdx":1},{"icon":{"paths":["M804.571 420.571v109.714c0 30.286-24.571 54.857-54.857 54.857h-694.857c-30.286 0-54.857-24.571-54.857-54.857v-109.714c0-30.286 24.571-54.857 54.857-54.857h694.857c30.286 0 54.857 24.571 54.857 54.857z"],"width":804.5714285714286,"attrs":[],"isMulticolor":false,"isMulticolor2":false,"tags":["minus"],"defaultCode":61544,"grid":14},"attrs":[],"properties":{"name":"collapse","id":31,"order":78,"prevSize":28,"code":61544},"setIdx":1,"setId":3,"iconIdx":2},{"icon":{"paths":["M954.857 323.429c0 14.286-5.714 28.571-16 38.857l-491.429 491.429c-10.286 10.286-24.571 16-38.857 16s-28.571-5.714-38.857-16l-284.571-284.571c-10.286-10.286-16-24.571-16-38.857s5.714-28.571 16-38.857l77.714-77.714c10.286-10.286 24.571-16 38.857-16s28.571 5.714 38.857 16l168 168.571 374.857-375.429c10.286-10.286 24.571-16 38.857-16s28.571 5.714 38.857 16l77.714 77.714c10.286 10.286 16 24.571 16 38.857z"],"width":1024,"attrs":[],"isMulticolor":false,"isMulticolor2":false,"tags":["check"],"defaultCode":61452,"grid":14},"attrs":[],"properties":{"name":"check","id":32,"order":79,"prevSize":28,"code":61452},"setIdx":1,"setId":3,"iconIdx":3},{"icon":{"paths":["M961.714 461.714l-424 423.429c-14.286 14.286-37.143 14.286-51.429 0l-424-423.429c-14.286-14.286-14.286-37.714 0-52l94.857-94.286c14.286-14.286 37.143-14.286 51.429 0l303.429 303.429 303.429-303.429c14.286-14.286 37.143-14.286 51.429 0l94.857 94.286c14.286 14.286 14.286 37.714 0 52z"],"width":1024,"attrs":[],"isMulticolor":false,"isMulticolor2":false,"tags":["chevron-down"],"defaultCode":61560,"grid":14},"attrs":[],"properties":{"name":"chevron-down","id":33,"order":80,"prevSize":28,"code":61560},"setIdx":1,"setId":3,"iconIdx":4},{"icon":{"paths":["M967.437 0h-910.922c-31.112 0-56.514 25.205-56.514 56.514v910.922c0 31.162 25.402 56.563 56.514 56.563h490.364v-396.535h-133.458v-154.626h133.458v-114.013c0-132.129 80.784-204.199 198.834-204.199 56.563 0 105.004 4.234 119.231 6.154v138.036l-81.916 0.197c-64.194 0-76.501 30.374-76.501 75.221v98.604h153.051l-19.987 154.429h-133.064v396.732h260.911c31.162 0 56.563-25.402 56.563-56.563v-910.922c0-31.309-25.402-56.514-56.563-56.514z"],"attrs":[{}],"isMulticolor":false,"isMulticolor2":false,"colorPermutations":{"1255255255191121471":[{}],"114013813612552552551":[{}],"12552552551":[{}]},"tags":["facebook"],"grid":0,"defaultCode":59656},"attrs":[{}],"properties":{"order":81,"id":34,"name":"facebook","prevSize":32,"code":59656},"setIdx":1,"setId":3,"iconIdx":5},{"icon":{"paths":["M512.001 0c-139.052 0-156.488 0.589-211.098 3.081-54.496 2.486-91.716 11.142-124.283 23.799-33.669 13.082-62.222 30.589-90.687 59.053-28.464 28.466-45.971 57.019-59.053 90.687-12.658 32.567-21.314 69.786-23.799 124.283-2.492 54.61-3.081 72.046-3.081 211.098 0 139.050 0.589 156.486 3.081 211.096 2.486 54.496 11.142 91.716 23.799 124.283 13.082 33.669 30.589 62.222 59.053 90.687 28.466 28.464 57.019 45.971 90.687 59.055 32.567 12.656 69.786 21.312 124.283 23.797 54.61 2.492 72.046 3.081 211.098 3.081 139.050 0 156.486-0.589 211.096-3.081 54.496-2.486 91.716-11.142 124.283-23.797 33.669-13.085 62.222-30.591 90.687-59.055 28.464-28.466 45.971-57.019 59.055-90.687 12.656-32.567 21.312-69.786 23.797-124.283 2.492-54.61 3.081-72.046 3.081-211.096 0-139.052-0.589-156.488-3.081-211.098-2.486-54.496-11.142-91.716-23.797-124.283-13.085-33.669-30.591-62.222-59.055-90.687-28.466-28.464-57.019-45.971-90.687-59.053-32.567-12.658-69.786-21.314-124.283-23.799-54.61-2.492-72.046-3.081-211.096-3.081zM512.001 85.333c138.962 0 155.423 0.531 210.301 3.035 50.742 2.314 78.299 10.792 96.638 17.92 24.293 9.441 41.63 20.719 59.84 38.932 18.213 18.211 29.491 35.548 38.932 59.84 7.127 18.339 15.606 45.896 17.92 96.638 2.504 54.878 3.035 71.339 3.035 210.303 0 138.962-0.531 155.423-3.035 210.301-2.314 50.742-10.792 78.299-17.92 96.638-9.441 24.293-20.719 41.63-38.932 59.84-18.211 18.213-35.548 29.491-59.84 38.932-18.339 7.127-45.896 15.606-96.638 17.92-54.87 2.504-71.329 3.035-210.301 3.035-138.974 0-155.431-0.531-210.303-3.035-50.742-2.314-78.299-10.792-96.638-17.92-24.293-9.441-41.63-20.719-59.84-38.932-18.211-18.211-29.491-35.548-38.932-59.84-7.127-18.339-15.606-45.896-17.92-96.638-2.504-54.878-3.035-71.339-3.035-210.301 0-138.964 0.531-155.425 3.035-210.303 2.314-50.742 10.792-78.299 17.92-96.638 9.441-24.293 20.719-41.63 38.932-59.84 18.211-18.213 35.548-29.491 59.84-38.932 18.339-7.127 45.896-15.606 96.638-17.92 54.878-2.504 71.339-3.035 210.303-3.035v0zM512.001 682.667c94.256 0 170.666-76.41 170.666-170.666 0-94.258-76.41-170.668-170.666-170.668-94.258 0-170.668 76.41-170.668 170.668 0 94.256 76.41 170.666 170.668 170.666zM512.001 256c141.385 0 255.999 114.614 255.999 256.001 0 141.385-114.614 255.999-255.999 255.999-141.387 0-256.001-114.614-256.001-255.999 0-141.387 114.614-256.001 256.001-256.001zM853.333 234.668c0 35.347-28.655 63.999-64.001 63.999-35.344 0-63.999-28.652-63.999-63.999s28.655-64.001 63.999-64.001c35.347 0 64.001 28.655 64.001 64.001z"],"attrs":[{}],"isMulticolor":false,"isMulticolor2":false,"colorPermutations":{"1255255255191121471":[{}],"114013813612552552551":[{}],"12552552551":[{}]},"tags":["instagram"],"grid":0,"defaultCode":59657},"attrs":[{}],"properties":{"order":82,"id":35,"name":"instagram","prevSize":32,"code":59657},"setIdx":1,"setId":3,"iconIdx":6},{"icon":{"paths":["M512 0c-282.292 0-512 229.398-512 511.309 0 208.669 125.924 389.7 305.816 468.47-1.384-35.93 0-78.769 8.303-117.463 9.686-41.457 66.422-279.147 66.422-279.147s-16.605-31.784-16.605-80.151c0-76.005 44.281-132.664 98.249-132.664 47.049 0 69.189 34.548 69.189 77.387 0 46.985-30.443 116.081-45.665 181.031-12.454 53.895 27.676 98.116 80.259 98.116 96.865 0 161.903-124.372 161.903-272.238 0-111.935-76.108-196.232-213.103-196.232-154.984 0-251.849 116.081-251.849 244.599 0 44.221 13.838 76.005 33.211 100.88 9.686 11.055 11.070 15.201 6.919 29.020-2.768 9.673-8.303 31.784-11.070 41.457-2.768 12.437-13.838 17.965-26.292 12.437-71.957-29.020-105.168-107.789-105.168-194.85 0-145.101 123.157-319.223 365.319-319.223 200.649 0 329.341 140.955 329.341 292.966 0 200.378-112.086 351.007-276.757 351.007-55.351 0-107.935-30.402-124.541-63.568 0 0-29.059 117.463-35.978 140.955-11.070 40.076-31.827 78.769-51.2 109.171 45.665 13.819 94.097 20.729 145.297 20.729 282.292 0 512-229.398 512-511.309 0-283.293-229.708-512.691-512-512.691z"],"attrs":[{}],"isMulticolor":false,"isMulticolor2":false,"colorPermutations":{"1255255255191121471":[{}],